{"custom_accuracy": [0.8782960176467896, 0.9149298667907715, 0.9328728318214417, 0.9465502500534058, 0.9568406343460083, 0.9660322666168213, 0.9711421728134155, 0.9762274622917175, 0.9793221354484558], "custom_exact_match_ratio": [0.45882776379585266, 0.5814116597175598, 0.6489400863647461, 0.7014599442481995, 0.7487331628799438, 0.7888115048408508, 0.8172938227653503, 0.8453433513641357, 0.8628220558166504], "custom_hamming_loss": [0.12170398980379105, 0.0850701555609703, 0.06712711602449417, 0.05344981327652931, 0.04315934702754021, 0.03396770730614662, 0.028857816010713577, 0.023772455751895905, 0.02067788690328598], "loss": [0.2824556529521942, 0.20586298406124115, 0.1671491116285324, 0.13488943874835968, 0.11009357124567032, 0.08938441425561905, 0.07546757161617279, 0.06278244405984879, 0.05466466769576073], "val_custom_accuracy": [0.6893022656440735, 0.80803382396698, 0.8939921259880066, 0.9038097858428955, 0.9076460003852844, 0.9024998545646667, 0.9028100371360779, 0.8988986015319824, 0.8985217213630676], "val_custom_exact_match_ratio": [0.0504123792052269, 0.24089740216732025, 0.5312311053276062, 0.5588037371635437, 0.5754691362380981, 0.5541918873786926, 0.5532196164131165, 0.5472646951675415, 0.5372200608253479], "val_custom_hamming_loss": [0.3106977343559265, 0.19196617603302002, 0.10600786656141281, 0.09619022160768509, 0.09235396236181259, 0.09750019013881683, 0.09718995541334152, 0.10110141336917877, 0.10147832334041595], "val_loss": [0.8982170224189758, 0.48758092522621155, 0.2793920636177063, 0.2719385027885437, 0.2873973846435547, 0.3107414245605469, 0.3313784599304199, 0.3744516372680664, 0.3574043810367584]}