{"custom_accuracy": [0.8787727355957031, 0.9144937992095947, 0.9319468140602112, 0.9456823468208313, 0.9570683836936951, 0.9644933342933655, 0.9716090559959412, 0.9761423468589783, 0.9797998070716858], "custom_exact_match_ratio": [0.46128156781196594, 0.5812808275222778, 0.6441356539726257, 0.697100818157196, 0.7480670213699341, 0.7831087708473206, 0.8186254501342773, 0.8451187610626221, 0.8664571642875671], "custom_hamming_loss": [0.12122726440429688, 0.08550622314214706, 0.06805320084095001, 0.05431763455271721, 0.042931634932756424, 0.03550661727786064, 0.028390998020768166, 0.023857690393924713, 0.02020021714270115], "loss": [0.2830258011817932, 0.20736593008041382, 0.1682124137878418, 0.1355665922164917, 0.10991503298282623, 0.09113452583551407, 0.0741053894162178, 0.06272134184837341, 0.05444669723510742], "val_custom_accuracy": [0.5846989154815674, 0.8170881867408752, 0.8782923817634583, 0.9030464887619019, 0.8944201469421387, 0.9071825742721558, 0.9011785387992859, 0.8829018473625183, 0.9072979688644409], "val_custom_exact_match_ratio": [0.013877118937671185, 0.27114105224609375, 0.4719657897949219, 0.5578692555427551, 0.5294075608253479, 0.5603662133216858, 0.5478662252426147, 0.47661924362182617, 0.5769181251525879], "val_custom_hamming_loss": [0.41530105471611023, 0.18291181325912476, 0.12170758843421936, 0.09695350378751755, 0.10557989031076431, 0.09281741827726364, 0.09882150590419769, 0.1170981153845787, 0.09270203113555908], "val_loss": [0.691594660282135, 0.4710063636302948, 0.30778250098228455, 0.2771713137626648, 0.34603336453437805, 0.2973543405532837, 0.3536987900733948, 0.4400419592857361, 0.3867170214653015]}