{"custom_accuracy": [0.7325725555419922, 0.8156213164329529, 0.8355021476745605, 0.8468508720397949, 0.8565387725830078, 0.8622979521751404, 0.876724898815155, 0.8936412930488586, 0.9071193337440491, 0.9301275610923767, 0.9470688104629517], "custom_exact_match_ratio": [0.15036547183990479, 0.2673630118370056, 0.3244577646255493, 0.360304057598114, 0.3876585066318512, 0.40502652525901794, 0.44920679926872253, 0.4996439516544342, 0.5415496826171875, 0.6229267120361328, 0.6907199621200562], "custom_hamming_loss": [0.2674274742603302, 0.1843786984682083, 0.16449786722660065, 0.15314912796020508, 0.14346128702163696, 0.137702077627182, 0.12327513843774796, 0.10635866969823837, 0.09288068115711212, 0.0698724165558815, 0.05293118208646774], "loss": [0.5510157346725464, 0.4146783947944641, 0.37404167652130127, 0.347395658493042, 0.32780298590660095, 0.31420913338661194, 0.28568926453590393, 0.2492462545633316, 0.2212735414505005, 0.1721905916929245, 0.13432304561138153], "val_custom_accuracy": [0.7460616230964661, 0.8213850855827332, 0.832345724105835, 0.8460615873336792, 0.7897529602050781, 0.8548558354377747, 0.8501201272010803, 0.8552777171134949, 0.85463547706604, 0.8522680997848511, 0.8505896925926208], "val_custom_exact_match_ratio": [0.02663816511631012, 0.28680387139320374, 0.29376137256622314, 0.35303041338920593, 0.21767932176589966, 0.3974878787994385, 0.39860016107559204, 0.41467538475990295, 0.42862439155578613, 0.42081189155578613, 0.4099500775337219], "val_custom_hamming_loss": [0.2539384067058563, 0.17861494421958923, 0.16765427589416504, 0.1539383977651596, 0.21024705469608307, 0.14514414966106415, 0.14987987279891968, 0.14472231268882751, 0.14536452293395996, 0.14773191511631012, 0.14941027760505676], "val_loss": [0.691926121711731, 0.39830613136291504, 0.3811093270778656, 0.35053104162216187, 0.5090123414993286, 0.3364814519882202, 0.34507372975349426, 0.3389666676521301, 0.35271668434143066, 0.39867734909057617, 0.4130844175815582]}