{"custom_accuracy": [0.7251916527748108, 0.8134797215461731, 0.8351167440414429, 0.847025454044342, 0.8551639318466187, 0.8667957186698914, 0.8800023794174194, 0.8950245976448059, 0.9095330834388733, 0.9290747046470642, 0.9457106590270996, 0.9522037506103516], "custom_exact_match_ratio": [0.13758176565170288, 0.26275789737701416, 0.3231066167354584, 0.3590126931667328, 0.3833855390548706, 0.4209660589694977, 0.4587208032608032, 0.504622757434845, 0.5504328012466431, 0.6218466758728027, 0.6870357394218445, 0.717829704284668], "custom_hamming_loss": [0.2748083770275116, 0.1865202933549881, 0.1648833006620407, 0.15297459065914154, 0.14483600854873657, 0.13320431113243103, 0.11999759078025818, 0.10497535765171051, 0.0904669538140297, 0.07092532515525818, 0.0542893260717392, 0.04779628664255142], "loss": [0.5611083507537842, 0.42041879892349243, 0.37425899505615234, 0.3482000529766083, 0.330374538898468, 0.3067514896392822, 0.27942076325416565, 0.24799802899360657, 0.2159304916858673, 0.17453326284885406, 0.13777674734592438, 0.12138165533542633], "val_custom_accuracy": [0.7257145643234253, 0.7957522869110107, 0.8348909616470337, 0.8372895121574402, 0.8428424596786499, 0.8514958024024963, 0.8575788736343384, 0.8547754287719727, 0.8525702953338623, 0.8487898111343384, 0.8450604677200317, 0.8489719033241272], "val_custom_exact_match_ratio": [0.015477451495826244, 0.26497048139572144, 0.3504237234592438, 0.3547782897949219, 0.3879653513431549, 0.394729882478714, 0.4178684949874878, 0.41802358627319336, 0.4147094488143921, 0.4013544023036957, 0.39830130338668823, 0.4157157838344574], "val_custom_hamming_loss": [0.2742854356765747, 0.20424769818782806, 0.1651090532541275, 0.16271044313907623, 0.1571575105190277, 0.14850418269634247, 0.14242112636566162, 0.14522454142570496, 0.1474297195672989, 0.15121018886566162, 0.15493956208229065, 0.151028111577034], "val_loss": [0.8547831773757935, 0.4601909816265106, 0.37580910325050354, 0.37261027097702026, 0.36367401480674744, 0.328507661819458, 0.3261414170265198, 0.3316733241081238, 0.3532736599445343, 0.3705957233905792, 0.42360562086105347, 0.41646701097488403]}